Unnamed: 0,Objektart,Name,Link,Address
0,Heimatkundemuseum,Heimatmuseum Lütgendortmund e.V.,http://www.museum-luedo.de,"Dellwiger Straße 130, Dortmund"
1,MuseumSonstiges,Kokerei Hansa,http://www.industriedenkmal-stiftung.de/docs/472991885334_de.php,"Emscherallee 11, Dortmund"
2,MuseumSonstiges,Hoesch-Museum,https://www.dortmund.de/de/freizeit_und_kultur/museen/hoesch_museum/start_hoesch/index.html,"Eberhardstraße 12, Dortmund"
3,Heimatkundemuseum,Altes Hafenamt,http://www.dortmunder-hafen.de/freizeit/das-alte-hafenamt/,"Sunderweg 130, Dortmund"
4,MuseumSonstiges,Nahverkehrsmuseum,http://bahnhof-mooskamp.de/,"Mooskamp 23, Dortmund"
5,MuseumSonstiges,mondo mio! -Kindermuseum-,http://www.mondomio.de/,"Florianstraße 2, Dortmund"
6,MuseumSonstiges,Fußballmuseum -Borusseum-,http://www.bvb.de/Der-BVB/Borusseum/News,"Strobelallee 50, Dortmund"
7,MuseumSonstiges,ehem. Zeche Adolf von Hansemann,http://www.route-industriekultur.ruhr/themenrouten/06-dortmund-dreiklang-kohle-stahl-bier/zeche-adolf-von-hansemann.html,"Barbarastraße 7, Dortmund"
8,MuseumSonstiges,Museum Adlerturm,https://www.dortmund.de/de/freizeit_und_kultur/museen/museum_adlerturm/start_adlerturm/index.html,"Günter-Samtlebe-Platz 2, Dortmund"
9,MuseumSonstiges,Westfälisches Schulmuseum,https://www.dortmund.de/de/freizeit_und_kultur/museen/westfaelisches_schulmuseum/startseite_schulmuseum/,"An der Wasserburg 1, Dortmund"
10,Kunstmuseum,Museum für Kunst und Kulturgeschichte,https://www.dortmund.de/de/freizeit_und_kultur/museen/mkk/start_mkk/index.html,"Hansastraße 3, Dortmund"
11,Technikmuseum,LWL-Industriemuseum/ Westf. Landesmuseum für Industriekultur (Zeche Zollern II/IV),http://www.lwl.org/industriemuseum/,"Grubenweg 5, Dortmund"
12,MuseumSonstiges,Deutsches Fußballmuseum,https://www.fussballmuseum.de/,"Platz der Deutschen Einheit 1, Dortmund"
13,Technikmuseum,Tridelta Magnetmuseum,http://www.tridelta.de/unternehmensgruppe-magnetmuseum-de.html,"Ostkirchstraße 177, Dortmund"
14,MuseumSonstiges,Brauerei-Museum,https://www.dortmund.de/de/freizeit_und_kultur/museen/brauerei_museum/start_brauereim/index.html,"Steigerstraße 16, Dortmund"
15,MuseumSonstiges,Museum Ostwall im U,https://www.dortmund.de/de/freizeit_und_kultur/museen/museum_ostwall/start_museum_ostwall/index.html,"Leonie-Reygers-Terrasse 2, Dortmund"
16,Technikmuseum,Automobil-Museum,http://www.oldiemuseum.de/cms/home.php?coid=12,"Brandisstraße 50, Dortmund"
17,MuseumSonstiges,Deutsche Arbeitsschutzausstellung (DASA),https://www.dasa-dortmund.de/startseite/,"Friedrich-Henkel-Weg 1-25, Dortmund"
18,Technikmuseum,Binarium,https://binarium.de/,"Hülshof 28, Dortmund"
19,MuseumSonstiges,Hardware MedienKunstVerein (HMKV),http://www.hmkv.de/,"Leonie-Reygers-Terrasse 2, Dortmund"
20,MuseumSonstiges,Ausbüttels Apothekenmuseum,https://www.apotheken-museum.de/home.htm,"Wißstraße 11, Dortmund"
21,MuseumSonstiges,Historisches Sudhaus,,"Steigerstraße 16, Dortmund"
22,MuseumSonstiges,eins eins null Polizeiausstellung,,"Markgrafenstraße 102, Dortmund"
23,Kunstmuseum,Künstlerhaus Dortmund,http://www.kh-do.de/de/index.html,"Sunderweg 1, Dortmund"
24,MuseumSonstiges,Industrielack-Museum,http://industrielack-museum.de/,"Drehbrückenstraße 13, Dortmund"
25,MuseumSonstiges,Mahn- und Gedenkstätte Steinwache,http://www.ns-gedenkstaetten.de/nrw/dortmund/besucherinformationen.html,"Steinstraße 50, Dortmund"
26,MuseumSonstiges,Bergbaumuseum BUV-Kleinzeche Max Rehfeld e.V.,http://www.buv-kleinzeche.de/,"Barbarastraße 7, Dortmund"
27,MuseumSonstiges,Heimatmuseum Hörde,http://www.heimatverein-hoerde.de/das-museum-neu.html,"Hörder Burgstraße 18, Dortmund"
28,Naturkundemuseum,Museum für Naturkunde,https://www.dortmund.de/de/freizeit_und_kultur/museen/museum_fuer_naturkunde/start_naturkunde/,"Münsterstraße 271, Dortmund"
29,Besucherbergwerk,Besucherbergwerk Graf Wittekind,http://www.bergbauhistorie.ruhr/,
0,Freilichtbuehne,Naturbühne Hohensyburg,https://www.naturbuehne.de/,"Syburger Dorfstraße 60, Dortmund"
1,Theater,Theater Olpketal,http://www.theater-olpketal.de/home/kategorie/spielplan.html,"Olpketalstraße 90, Dortmund"
2,Puppentheater,Nostalgisches Puppentheater im Westfalenpark,http://www.nostalgisches-puppentheater.de,
3,Theater,Hansa Theater Hörde,http://www.hansa-theater-hoerde.de/,"Eckardtstraße 4a, Dortmund"
4,KultureinrichtungSonstiges,Kulturhaus Neuasseln e.V.,,"Buddenacker 9, Dortmund"
5,KultureinrichtungSonstiges,Alte Schmiede Huckarde,http://www.ihv2000.de,"Hülshof 32, Dortmund"
6,KonzertsaalHalle,Konzerthaus Dortmund,https://www.konzerthaus-dortmund.de/de/,"Brückstraße 21, Dortmund"
7,Theater,Cabaret Queue,http://www.cabaretqueue.de/,"Hermannstraße 74, Dortmund"
8,Theater,Märchenbühne im Wasserschloss Haus Rodenberg,http://www.die-maerchenbuehne.de/,"Rodenbergstraße 36, Dortmund"
9,Veranstaltungshalle,Warsteiner Music Hall,,"Phoenixplatz 4, Dortmund"
10,Theater,Theater Dortmund,https://www.theaterdo.de/startseite/,"Theaterkarree 1-3, Dortmund"
11,KultureinrichtungSonstiges,Langer August e.V.,http://www.langer-august.de/was.html,"Braunschweiger Straße 22, Dortmund"
12,Spielbank,Casino Hohensyburg,,"Hohensyburgstraße 200, Dortmund"
13,Galerie,Torhaus Rombergpark Städtische Kunstgalerie,http://www.dortmund.de/de/freizeit_und_kultur/kulturbuero/ausstellungen_kb/torhausrombergpark/index.html,"Am Rombergpark 65, Dortmund"
14,Theater,Theater Dortmund,https://www.theaterdo.de/startseite/,"Theaterkarree 1-3, Dortmund"
15,KultureinrichtungSonstiges,Harenberg City-Center,,"Königswall 21, Dortmund"
16,Kindertheater,Theater Dortmund,https://www.theaterdo.de/startseite/,"Sckellstraße 5-7, Dortmund"
17,Opernhaus,Theater Dortmund,https://www.theaterdo.de/startseite/,"Platz der alten Synagoge 1, Dortmund"
18,Theater,Theater im Depot,http://depotdortmund.de/,"Immermannstraße 29, Dortmund"
19,Veranstaltungshalle,Reinoldinum,https://www.ev-kirche-dortmund.de/start.html,"Schwanenwall 34, Dortmund"
20,KultureinrichtungSonstiges,Kulturort DEPOT,http://www.depotdortmund.de/,"Immermannstraße  29, Dortmund"
21,Veranstaltungshalle,Werksaal der Dortmunder Stadtwerke AG,,"Deggingstraße 40, Dortmund"
22,KultureinrichtungSonstiges,domicil,http://www.domicil-dortmund.de,"Hansastraße 7-11, Dortmund"
23,TheaterMusikSonstiges,Pädagogisches Zentrum Hombruch,,"Am Hombruchsfeld 55A, Dortmund"
24,Veranstaltungshalle,Berswordthalle,,"Kleppingstraße 37, Dortmund"
25,KultureinrichtungSonstiges,Wichern,http://www.wichern.net/,"Stollenstraße 36, Dortmund"
26,KultureinrichtungSonstiges,Stadtteilzentrum Adlerstrasse e.V.,,"Adlerstraße 81, Dortmund"
27,Theater,Theater Fletch Bizzel,https://www.fletch-bizzel.de/,"Humboldtstraße 45, Dortmund"
28,Veranstaltungshalle,Westfalenhallen Dortmund Verwaltungsgebäude,,"Strobelallee  45, Dortmund"
29,Veranstaltungshalle,Westfalenhallen 3B-8,,"Rheinlanddamm  200, Dortmund"
30,Veranstaltungshalle,Westfalenhalle 1-3,,"Rheinlanddamm  200, Dortmund"
31,KultureinrichtungSonstiges,Kulturzentrum balou e.V.,https://www.balou-dortmund.de/,"Oberdorfstraße 23, Dortmund"
32,KultureinrichtungSonstiges,Dortmunder U - Zentrum für Kunst und Kreativität,http://www.dortmunder-u.de/,"Leonie-Reygers-Terrasse 2, Dortmund"
33,KultureinrichtungSonstiges,Musik und Kulturzentrum MUK,https://www.muk-do.de/,"Güntherstraße 65, Dortmund"
34,KultureinrichtungSonstiges,Freizeitzentrum West (FZW),https://www.fzw.de/,"Ritterstraße 20, Dortmund"
35,KultureinrichtungSonstiges,WDR Studio Dortmund,,"Mommsenweg 5, Dortmund"
36,Theater,Roto Theater Dortmund,http://www.rototheater.de,"Gneisenaustraße 30, Dortmund"
0,Hallenbad,Südbad - Innenstadt,http://www.dortmund.de/de/leben_in_dortmund/sport/schwimmbaeder/suedbad/index.html,"Ruhrallee 30, Dortmund"
1,Hallenbad,Westbad - Westl. Innenstadt,http://www.dortmund.de/de/leben_in_dortmund/sport/schwimmbaeder/westbad/index.html,"Kortental 15, Dortmund"
2,Hallenbad,Nordbad - Nördl. Innenstadt,http://www.dortmund.de/de/leben_in_dortmund/sport/schwimmbaeder/nordbad/index.html,"Leopoldstraße 50-58, Dortmund"
3,Hallenbad,Die Welle - Scharnhorst,http://www.sv-derne.de,"Gleiwitzstraße 279a, Dortmund"
4,Hallenbad,Hörde,http://www.ssc-hoerde.de/,"Eichsfeld 5, Dortmund"
5,Hallenbad,Aplerbeck,http://www.dortmund.de/de/leben_in_dortmund/sport/schwimmbaeder/hallenbad_aplerbeck/index.html,"Diakon-Koch-Weg 6, Dortmund"
6,Hallenbad,Eving,http://www.hallenbad-eving.de,"Württemberger Straße 2, Dortmund"
7,Hallenbad,Hombruch,,"Deutsch-Luxemburger Straße 63, Dortmund"
8,Hallenbad,Lütgendortmund,,"Volksgartenstraße 80, Dortmund"
9,Hallenbad,Brackel,,"Oesterstraße 68, Dortmund"
10,Hallenbad,Mengede,,"Neumarkstraße 40, Dortmund"
11,Freibad,Hardenberg,,"Badweg 30, Dortmund"
12,Freibad,Volkspark,,"Schwimmweg 2, Dortmund"
13,Freibad,Froschloch,,"Löttringhauser Straße 103, Dortmund"
14,Freibad,Stockheide,,"Brackeler Straße 100, Dortmund"
15,Freibad,Wellinghofen,,"Hopmanns Mühlenweg 1, Dortmund"
16,Freibad,Solebad Revierpark Wischlingen,https://www.wischlingen.de/,"Höfkerstraße 12, Dortmund"
0,SeilgartenKlettergarten,Hochseilgarten Tree2Tree,http://www.tree2tree.de/de/hochseilgarten/hochseilgarten-dortmund.html,"Wischlinger Weg nan, Dortmund"
1,Tennis,Deusener Straße,http://www.tc-deusen.de/,"Deusener Straße 220, Dortmund"
2,Tennis,Strobelallee,http://www.tennisclub-eintracht.de/,"Strobelallee 85, Dortmund"
3,Tennis,Huestraße,http://www.dtc-gartenstadt.de/,"Huestraße 26, Dortmund"
4,Tennis,Eckei,http://www.tennis-club-mengede.de/,"Eckei 96a, Dortmund"
5,StadionArena,Westhusener Str.,http://www.dortmund.de/de/leben_in_dortmund/sport/sportanlagen/sportanlagen.html,"Westhusener Straße 65, Dortmund"
6,StadionArena,Wischlinger Weg,http://www.dortmund.de/de/leben_in_dortmund/sport/sportanlagen/sportanlagen.html,"Wischlinger Weg 241a, Dortmund"
7,StadionArena,Sendstr.,http://www.dortmund.de/de/leben_in_dortmund/sport/sportanlagen/sportanlagen.html,"Sendstaße 106, Dortmund"
8,StadionArena,Admiralplatz/Hopmanns Mühlenweg,http://www.dortmund.de/de/leben_in_dortmund/sport/sportanlagen/sportanlagen.html,"Hopmanns Mühlenweg 7b, Dortmund"
9,StadionArena,Schwerter Str./Waldstadion,http://www.dortmund.de/de/leben_in_dortmund/sport/sportanlagen/sportanlagen.html,"Schwerter Straße 232, Dortmund"
10,StadionArena,Schützenstr./Hobertsburg,http://www.dortmund.de/de/leben_in_dortmund/sport/sportanlagen/sportanlagen.html,"Schützenstraße 240, Dortmund"
11,StadionArena,Mendesportanlage,http://www.dortmund.de/de/leben_in_dortmund/sport/sportanlagen/sportanlagen.html,"Westerholz 51, Dortmund"
12,StadionArena,Plümers Ort,http://www.dortmund.de/de/leben_in_dortmund/sport/sportanlagen/sportanlagen.html,"Plümers Ort 6a, Dortmund"
13,StadionArena,Provinzialstr.,http://www.dortmund.de/de/leben_in_dortmund/sport/sportanlagen/sportanlagen.html,"Provinzialstraße 305, Dortmund"
14,StadionArena,Lindenhorster Str./Rolandplatz,http://www.dortmund.de/de/leben_in_dortmund/sport/sportanlagen/sportanlagen.html,"Lindenhorster Straße 34, Dortmund"
15,StadionArena,Im Rauhen Holz,http://www.dortmund.de/de/leben_in_dortmund/sport/sportanlagen/sportanlagen.html,"Karinstraße 6, Dortmund"
16,StadionArena,Kobbendelle,http://www.dortmund.de/de/leben_in_dortmund/sport/sportanlagen/sportanlagen.html,"Kobbendelle 16, Dortmund"
17,StadionArena,Im Odemsloh,http://www.dortmund.de/de/leben_in_dortmund/sport/sportanlagen/sportanlagen.html,"Im Odemsloh 107, Dortmund"
18,Kletteranlage,Kletterhalle Bergwerk,https://www.kletterhalle-bergwerk.de/bergwerk/deutsch/klettern-und-bouldern-in-dortmund.html,"Emscherallee 33, Dortmund"
19,Eisbahn,Eishalle Revierpark Wischlingen,,"Höfkerstraße 12, Dortmund"
20,Tennis,Bolmker Weg,,"Bolmker Weg 20, Dortmund"
21,StadionArena,Am Schallacker,,"Am Schallacker 30, Dortmund"
22,StadionArena,Schmetterlingsweg/Waldsportplatz,http://www.dortmund.de/de/leben_in_dortmund/sport/sportanlagen/sportanlagen.html,"Schmetterlingsweg nan, Dortmund"
23,StadionArena,Holzwickeder Str.,http://www.dortmund.de/de/leben_in_dortmund/sport/sportanlagen/sportanlagen.html,"Holzwickeder Straße 107, Dortmund"
24,StadionArena,Hangeneystr.,http://www.dortmund.de/de/leben_in_dortmund/sport/sportanlagen/sportanlagen.html,"Hangeneystraße 174, Dortmund"
25,StadionArena,Gesamtschule Gartenstadt,,"Hueckstraße nan, Dortmund"
26,StadionArena,Evinger Str.,http://www.dortmund.de/de/leben_in_dortmund/sport/sportanlagen/sportanlagen.html,"Evinger Straße 600, Dortmund"
27,StadionArena,Dörwerstr./in Schulsportanlage,http://www.dortmund.de/de/leben_in_dortmund/sport/sportanlagen/sportanlagen.html,"Dörwerstraße 36, Dortmund"
28,StadionArena,Dollersweg,http://www.dortmund.de/de/leben_in_dortmund/sport/sportanlagen/sportanlagen.html,"Dollersweg 14, Dortmund"
29,StadionArena,Diedenhofener Str.,http://www.dortmund.de/de/leben_in_dortmund/sport/sportanlagen/sportanlagen.html,"Diedenhofener Straße 11, Dortmund"
30,StadionArena,Blumenkamp,http://www.dortmund.de/de/leben_in_dortmund/sport/sportanlagen/sportanlagen.html,"Blumenkamp 4, Dortmund"
31,StadionArena,Deutsch-Luxemburger Str.,http://www.dortmund.de/de/leben_in_dortmund/sport/sportanlagen/sportanlagen.html,"Deutsch-Luxemburger Straße 58, Dortmund"
32,StadionArena,Deusener Str.,http://www.dortmund.de/de/leben_in_dortmund/sport/sportanlagen/sportanlagen.html,"Deusener Straße 227, Dortmund"
33,StadionArena,Buschei,http://www.dortmund.de/de/leben_in_dortmund/sport/sportanlagen/sportanlagen.html,"Buschei 34, Dortmund"
34,StadionArena,Bärenbruch,http://www.dortmund.de/de/leben_in_dortmund/sport/sportanlagen/sportanlagen.html,"Bärenbruch 124, Dortmund"
35,StadionArena,Bummelberg,http://www.dortmund.de/de/leben_in_dortmund/sport/sportanlagen/sportanlagen.html,"Bummelberg 30, Dortmund"
36,Schiessen,Bogenschießanlage,http://www.tusbarop.de,"Stockumer Straße 290, Dortmund"
37,StadionArena,Am Wasserfall,http://www.dortmund.de/de/leben_in_dortmund/sport/sportanlagen/sportanlagen.html,"Am Wasserfall 25, Dortmund"
38,StadionArena,Berghofer Str.,http://www.dortmund.de/de/leben_in_dortmund/sport/sportanlagen/sportanlagen.html,"Berghofer Straße 239, Dortmund"
39,StadionArena,Bezirks-/Waldsportanlage Arthur-Beringer-Str.,http://www.dortmund.de/de/leben_in_dortmund/sport/sportanlagen/sportanlagen.html,"Arthur-Beringer-Straße 33, Dortmund"
40,StadionArena,Auf dem Bleck,http://www.asseln-freizeitfussball.de/,"Auf dem Bleck nan, Dortmund"
41,Skateanlage,Derne,,"Kornblumenstraße nan, Dortmund"
42,Skateanlage,Oespel,https://www.dortmund.de/de/leben_in_dortmund/familie_und_soziales/buero_fuer_kinderinteressen/sportanlagen_1/index.html,"Borussiastraße nan, Dortmund"
43,StadionArena,Friedrich-Hölscher-Str.,http://www.dortmund.de/de/leben_in_dortmund/sport/sportanlagen/sportanlagen.html,"Friedrich-Hölscher-Straße 280, Dortmund"
44,Skateanlage,Kirchlinde,https://www.dortmund.de/de/leben_in_dortmund/familie_und_soziales/buero_fuer_kinderinteressen/sportanlagen_1/index.html,"Bärenbruch nan, Dortmund"
45,Skateanlage,Dietrich-Keuning-Haus,https://www.dortmund.de/de/freizeit_und_kultur/dietrich_keuning_haus/skatepark_1/index.html,"Leopoldstraße 50-58, Dortmund"
46,Skateanlage,Hombruch,https://www.dortmund.de/de/leben_in_dortmund/familie_und_soziales/buero_fuer_kinderinteressen/sportanlagen_1/index.html,
47,MountainbikeArena,Mountainbike-Parcour (Wickede),http://www.dortmund.de/de/leben_in_dortmund/familie_und_soziales/buero_fuer_kinderinteressen/spielleitplanung/vorortmiteuch/starterprojekte/mountainbikestreckefrnkischerfriedhof/index.html,"Fränkischer Friedhof nan, Dortmund"
48,MountainbikeArena,Bikepark Hombruch,https://www.dortmund.de/de/leben_in_dortmund/familie_und_soziales/buero_fuer_kinderinteressen/sportanlagen_1/index.html,"Kieferstraße nan, Dortmund"
49,MountainbikeArena,Bikepark Aplerbeck,http://www.bikepark-aplerbeck.de/,"Benediktinerstraße 81, Dortmund"
50,Eisbahn,Eissportzentrum Westfalen,,"Strobelallee 33, Dortmund"
51,SportSonstiges,SuperFly Ruhr - Jump Emscher GmbH,https://dortmund.superfly.de/trampolinhalle/,"Brennaborstraße 12, Dortmund"
52,Kletteranlage,Kletterturm,http://www.dav-dortmund.de/unsere-sektion/der-kletterturm/,"Vogelpothsweg nan, Dortmund"
53,Sportpark,Landesleistungszentrum des Westfälischen Turnerbundes,http://www.ktv-dortmund.de/,"Lissaboner Allee 35, Dortmund"
54,Tennis,Borussiastraße,http://tcoespelkley.de/,"Borussiastraße 81, Dortmund"
55,StadionArena,Lissaboner Allee,http://www.dortmund.de/de/leben_in_dortmund/sport/sportanlagen/sportanlagen.html,"Lissaboner Allee 31, Dortmund"
56,Tennis,Tennisplatzanlage Revierpark Wischlingen,,"Höfkerstraße nan, Dortmund"
57,StadionArena,Im Dorney,http://www.dortmund.de/de/leben_in_dortmund/sport/sportanlagen/sportanlagen.html,"Hedwigstraße 81, Dortmund"
58,StadionArena,Oesterstr.,http://www.dortmund.de/de/leben_in_dortmund/sport/sportanlagen/sportanlagen.html,"Oesterstraße 66a, Dortmund"
59,Tennis,Evinger Str.,,"Evinger Straße 390, Dortmund"
60,StadionArena,Grävingholz,http://www.dortmund.de/de/leben_in_dortmund/sport/sportanlagen/sportanlagen.html,"Grävingholzstraße 75, Dortmund"
61,StadionArena,Stadion Rote Erde,http://www.dortmund.de/de/leben_in_dortmund/sport/sportanlagen/sportanlagen.html,"Sportweg nan, Dortmund"
62,Fussball,SIGNAL IDUNA PARK,https://www.signal-iduna-park.de/,"Strobelallee nan, Dortmund"
63,SportSonstiges,Jump XL,https://jump-xl.com/de/dortmund/,"Schlägelstraße 58, Dortmund"
64,Kletteranlage,KletterMax,http://www.kletter-max.de/,"Strobelallee 40, Dortmund"
65,Tennis,Jasminstraße,https://www.tc-soelderholz.de/,"Jasminstraße 57, Dortmund"
66,Tennis,Schweizer Allee,https://www.tc-rwa.de/,"Schweizer Allee 30, Dortmund"
67,StadionArena,Brauksweg,http://www.dortmund.de/de/leben_in_dortmund/sport/sportanlagen/sportanlagen.html,"Brauksweg 15, Dortmund"
68,StadionArena,Hacheneyer Str.,http://www.dortmund.de/de/leben_in_dortmund/sport/sportanlagen/sportanlagen.html,"Hacheneyer Straße 88, Dortmund"
69,Skateanlage,Scharnhorst,https://www.dortmund.de/de/leben_in_dortmund/familie_und_soziales/buero_fuer_kinderinteressen/sportanlagen_1/index.html,"Flughafenstraße nan, Dortmund"
70,StadionArena,Hockeyzentrum-Hockeyanlage,http://www.dortmund.de/de/leben_in_dortmund/sport/sportanlagen/sportanlagen.html,"Ardeystraße 70-72, Dortmund"
71,Fussball,BVB-Trainingsgelände,,"Adi-Preißler-Allee 9, Dortmund"
72,StadionArena,Werimboldstr.,http://www.dortmund.de/de/leben_in_dortmund/sport/sportanlagen/sportanlagen.html,"Werimboldstraße 12a, Dortmund"
73,StadionArena,Husener Eichwaldstr.,http://www.dortmund.de/de/leben_in_dortmund/sport/sportanlagen/sportanlagen.html,"Husener Eichwaldstraße 266, Dortmund"
74,StadionArena,Waldhausweg,http://www.dortmund.de/de/leben_in_dortmund/sport/sportanlagen/sportanlagen.html,"Waldhausweg 26, Dortmund"
75,StadionArena,Eckei-Volksgarten,http://www.dortmund.de/de/leben_in_dortmund/sport/sportanlagen/sportanlagen.html,"Eckei 96, Dortmund"
76,StadionArena,Zum Hallenbad,http://www.dortmund.de/de/leben_in_dortmund/sport/sportanlagen/sportanlagen.html,"Zum Hallenbad 14, Dortmund"
77,StadionArena,Stockumer Str.,http://www.dortmund.de/de/leben_in_dortmund/sport/sportanlagen/sportanlagen.html,"Stockumer Straße 237a, Dortmund"
78,StadionArena,Büttnerstr.,http://www.dortmund.de/de/leben_in_dortmund/sport/sportanlagen/sportanlagen.html,"Büttnerstraße 87, Dortmund"
79,StadionArena,Schürener Str./oberer Platz u. unterer Platz,http://www.dortmund.de/de/leben_in_dortmund/sport/sportanlagen/sportanlagen.html,"Schürener Straße 47a, Dortmund"
80,StadionArena,Schumannstr./Lortzingplatz,http://www.dortmund.de/de/leben_in_dortmund/sport/sportanlagen/sportanlagen.html,"Schumannstraße 5a, Dortmund"
81,StadionArena,Schweizer Allee (Schulsportanlage),http://www.dortmund.de/de/leben_in_dortmund/sport/sportanlagen/sportanlagen.html,"Schweizer Allee 18-20, Dortmund"
82,StadionArena,Spreestr.,http://www.dortmund.de/de/leben_in_dortmund/sport/sportanlagen/sportanlagen.html,"Am Zippen 17, Dortmund"
83,StadionArena,Eberstr./Alemanniasportplatz,http://www.dortmund.de/de/leben_in_dortmund/sport/sportanlagen/sportanlagen.html,"Eberstraße nan, Dortmund"
84,Schiessen,Landesleistungszentrum des Westfälischen Schützenbundes,http://www.wsb1861.de/,"Eberstraße 30, Dortmund"
85,Pferderennbahn,Galopprennbahn Dortmund,http://www.dortmunder-rennverein.de,"Rennweg 70, Dortmund"
86,StadionArena,Hoeschpark,http://www.dortmund.de/de/leben_in_dortmund/sport/sportanlagen/sportanlagen.html,"Kirchderner Straße nan, Dortmund"
87,StadionArena,Am Hombruchsfeld,http://www.dortmund.de/de/leben_in_dortmund/sport/sportanlagen/sportanlagen.html,"Am Hombruchsfeld 71, Dortmund"
88,StadionArena,Schweizer Allee,http://www.dortmund.de/de/leben_in_dortmund/sport/sportanlagen/sportanlagen.html,"Schweizer Allee 29a, Dortmund"
89,StadionArena,Haferfeldstr.,http://www.dortmund.de/de/leben_in_dortmund/sport/sportanlagen/sportanlagen.html,"Haferfeldstraße nan, Dortmund"
90,StadionArena,Winkelriedweg,http://www.dortmund.de/de/leben_in_dortmund/sport/sportanlagen/sportanlagen.html,"Winkelriedweg nan, Dortmund"
91,StadionArena,Benninghofen/Hüttenhospitalstr.,http://www.dortmund.de/de/leben_in_dortmund/sport/sportanlagen/sportanlagen.html,"Hüttenhospitalstraße 5, Dortmund"
92,Tennis,Grüningsweg,http://www.tc-g.de/cms2/index.php/home,"Grüningsweg 102, Dortmund"
93,Tennis,Tennisanlage Technische Universität Dortmund,,"Otto-Hahn-Straße nan, Dortmund"
94,Tennis,Arthur-Beringer-Str.,http://www.huckarder-tennisclub.de/,"Arthur-Beringer-Straße 35, Dortmund"
95,MountainbikeArena,Mountainbike-Strecke (Kley),https://www.dortmund.de/de/leben_in_dortmund/familie_und_soziales/buero_fuer_kinderinteressen/sportanlagen_1/index.html,"Kleybredde nan, Dortmund"
96,StadionArena,Kruckeler Str./Rüdinghauser Str.,http://www.dortmund.de/de/leben_in_dortmund/sport/sportanlagen/sportanlagen.html,
97,Golf,Dortmunder Goldclub e.V.,https://www.dortmunder-golfclub.de/news.html,"Reichsmarkstraße 12, Dortmund"
98,StadionArena,Derner Str.,http://www.dortmund.de/de/leben_in_dortmund/sport/sportanlagen/sportanlagen.html,"Derner Straße 423a, Dortmund"
99,Tennis,Hellerstraße,,"Hellerstraße 115, Dortmund"
100,Tennis,Rüdinghauser Straße,,"Rüdinghauser Straße 15, Dortmund"
101,Tennis,Kieferstraße,,"Kieferstraße 34, Dortmund"
102,StadionArena,Derner Straße,,"Derner Straße 423A, Dortmund"
103,Tennis,Sanderoth,,"Sanderoth 9, Dortmund"
104,MountainbikeArena,Mountainbike-Arena (Deusenberg),,"Lindberghstraße nan, Dortmund"
105,Sportanlage,Helmut-Körnig-Halle,,"Strobelallee 40, Dortmund"
106,Golf,GolfRange GmbH,https://dortmund.golfrange.de/startseite.html,"Rennweg nan, Dortmund"
107,Skateanlage,Innenstadt-West,https://www.dortmund.de/de/leben_in_dortmund/familie_und_soziales/buero_fuer_kinderinteressen/sportanlagen_1/index.html,
108,StadionArena,Probstheidastr.,http://www.dortmund.de/de/leben_in_dortmund/sport/sportanlagen/sportanlagen.html,"Probstheidastraße 13, Dortmund"
109,StadionArena,Ramhofstraße,http://www.dortmund.de/de/leben_in_dortmund/sport/sportanlagen/sportanlagen.html,"Ramhofstraße 1, Dortmund"
110,Tennis,Eichsfeld,https://www.hoerder-tennisclub.de/,"Eichsfeld 9, Dortmund"
111,StadionArena,Idastr.,http://www.dortmund.de/de/leben_in_dortmund/sport/sportanlagen/sportanlagen.html,"Idastraße 9a, Dortmund"
112,Tennis,Kirchderner Straße,http://www.tg-westfalia.de/,"Kirchderner Straße 35, Dortmund"
113,Skateanlage,Lütgendortmund,,"Im I. Westfeld nan, Dortmund"
114,Golf,Golfclub Royal St. Barbara´s,http://www.royal-dortmund-gc.de/,"Saint-Barbara-Allee 18, Dortmund"
115,Skateanlage,Holzen,https://www.dortmund.de/de/leben_in_dortmund/familie_und_soziales/buero_fuer_kinderinteressen/sportanlagen_1/index.html,"Kreisstraße nan, Dortmund"
116,Tennis,Rubinstraße,https://www.tcberghofen.de/,"Rubinstraße 32, Dortmund"
117,StadionArena,Sportplatz Technische Universität Dortmund,,"Otto-Hahn-Straße nan, Dortmund"
118,StadionArena,Fränkischer Friedhof,http://www.dortmund.de/de/leben_in_dortmund/sport/sportanlagen/sportanlagen.html,"Fränkischer Friedhof 2, Dortmund"
119,StadionArena,Grüningsweg,http://www.dortmund.de/de/leben_in_dortmund/sport/sportanlagen/sportanlagen.html,"Grüningsweg 42, Dortmund"
120,Skateanlage,Aplerbeck,https://www.dortmund.de/de/leben_in_dortmund/familie_und_soziales/buero_fuer_kinderinteressen/sportanlagen_1/index.html,"Schweizer Allee nan, Dortmund"
121,StadionArena,Hahnenmühlenweg,http://www.bcsportfreunde06.de/,"Hahnenmühlenweg 89, Dortmund"
122,StadionArena,Gretelweg,http://www.dortmund.de/de/leben_in_dortmund/sport/sportanlagen/sportanlagen.html,"Gretelweg 17, Dortmund"
123,Tennis,Baststr.,http://www.tsc-hansa.de/,"Baststraße 10, Dortmund"
124,StadionArena,Hinter Holtein,http://www.dortmund.de/de/leben_in_dortmund/sport/sportanlagen/sportanlagen.html,"Hinter Holtein 101, Dortmund"
125,Tennis,Volksgartenstraße,,"Volksgartenstraße 57, Dortmund"
126,Tennis,Oberste-Wilms-Straße,http://www.tc-brackel.de/,"Oberste-Wilms-Straße 8, Dortmund"
127,StadionArena,Limbecker Str./Evastr.,http://www.dortmund.de/de/leben_in_dortmund/sport/sportanlagen/sportanlagen.html,"Limbecker Straße 70, Dortmund"
128,StadionArena,Hallesche Str./Hannöversche Str.,http://www.dortmund.de/de/leben_in_dortmund/sport/sportanlagen/sportanlagen.html,"Hallesche Straße 76, Dortmund"
129,Tennis,Kortental,http://www.dortmund.de/de/leben_in_dortmund/sport/sportanlagen/sportanlagen.html,"Kortental 7, Dortmund"
130,StadionArena,Lichtendorfer Str.,http://www.dortmund.de/de/leben_in_dortmund/sport/sportanlagen/sportanlagen.html,"Lichtendorfer Straße 143a, Dortmund"
131,StadionArena,Jasminstr./Rosengarten,http://www.dortmund.de/de/leben_in_dortmund/sport/sportanlagen/sportanlagen.html,"Jasminstraße 65, Dortmund"
132,Radrennbahn,Radrundbahn -Niere-,http://www.dortmund.de/de/leben_in_dortmund/sport/sportanlagen/sportanlagen.html,"Steinklippenweg nan, Dortmund"
133,Tennis,Gürtlerstraße,http://www.dortmund.de/de/leben_in_dortmund/sport/sportanlagen/sportanlagen.html,"Gürtlerstraße 5, Dortmund"
134,StadionArena,Heinrich-Pieper-Str.,http://www.dortmund.de/de/leben_in_dortmund/sport/sportanlagen/sportanlagen.html,"Heinrich-Pieper-Straße 2, Dortmund"
135,StadionArena,Goystadion mit Nebenplätzen,http://www.dortmund.de/de/leben_in_dortmund/sport/sportanlagen/sportanlagen.html,"Am Bruchheck 47, Dortmund"
136,StadionArena,Victor-Toyka-Str.,http://www.dortmund.de/de/leben_in_dortmund/sport/sportanlagen/sportanlagen.html,"Victor-Toyka-Straße 6, Dortmund"
137,Tennis,Johannes-Gronowski-Straße,http://www.dtkrw.de/,"Johannes-Gronowski-Straße 20, Dortmund"
